drwxrwxr-x	4096	2026-04-23 04:19	/home/zerlinshen/singlecell_factory/results/NC2024_NSCLC_FULL_COHORT_STAGE1_MASSIVE_AUTO_20260423_035552
-rw-rw-r--	6165	2026-04-23 04:19	/home/zerlinshen/singlecell_factory/results/NC2024_NSCLC_FULL_COHORT_STAGE1_MASSIVE_AUTO_20260423_035552/run_manifest.json
drwxrwxr-x	4096	2026-04-23 04:16	/home/zerlinshen/singlecell_factory/results/NC2024_NSCLC_FULL_COHORT_STAGE1_MASSIVE_AUTO_20260423_035552/composition
-rw-rw-r--	68244	2026-04-23 04:16	/home/zerlinshen/singlecell_factory/results/NC2024_NSCLC_FULL_COHORT_STAGE1_MASSIVE_AUTO_20260423_035552/composition/composition_boxplot.png
-rw-rw-r--	18001	2026-04-23 04:16	/home/zerlinshen/singlecell_factory/results/NC2024_NSCLC_FULL_COHORT_STAGE1_MASSIVE_AUTO_20260423_035552/composition/composition_proportions.csv
-rw-rw-r--	3728	2026-04-23 04:16	/home/zerlinshen/singlecell_factory/results/NC2024_NSCLC_FULL_COHORT_STAGE1_MASSIVE_AUTO_20260423_035552/composition/composition_counts.csv
-rw-rw-r--	110355	2026-04-23 04:16	/home/zerlinshen/singlecell_factory/results/NC2024_NSCLC_FULL_COHORT_STAGE1_MASSIVE_AUTO_20260423_035552/composition/composition_barplot.png
-rw-rw-r--	604	2026-04-23 04:16	/home/zerlinshen/singlecell_factory/results/NC2024_NSCLC_FULL_COHORT_STAGE1_MASSIVE_AUTO_20260423_035552/composition/composition_test_results.csv
-rw-rw-r--	234	2026-04-23 04:19	/home/zerlinshen/singlecell_factory/results/NC2024_NSCLC_FULL_COHORT_STAGE1_MASSIVE_AUTO_20260423_035552/module_status.csv
drwxrwxr-x	4096	2026-04-23 03:55	/home/zerlinshen/singlecell_factory/results/NC2024_NSCLC_FULL_COHORT_STAGE1_MASSIVE_AUTO_20260423_035552/qc
drwxrwxr-x	4096	2026-04-23 04:19	/home/zerlinshen/singlecell_factory/results/NC2024_NSCLC_FULL_COHORT_STAGE1_MASSIVE_AUTO_20260423_035552/.checkpoints
drwxrwxr-x	4096	2026-04-23 04:16	/home/zerlinshen/singlecell_factory/results/NC2024_NSCLC_FULL_COHORT_STAGE1_MASSIVE_AUTO_20260423_035552/.checkpoints/after_composition.zarr
-rw-rw-r--	2	2026-04-23 04:16	/home/zerlinshen/singlecell_factory/results/NC2024_NSCLC_FULL_COHORT_STAGE1_MASSIVE_AUTO_20260423_035552/.checkpoints/after_composition.zarr/.zattrs
drwxrwxr-x	4096	2026-04-23 04:16	/home/zerlinshen/singlecell_factory/results/NC2024_NSCLC_FULL_COHORT_STAGE1_MASSIVE_AUTO_20260423_035552/.checkpoints/after_composition.zarr/X
-rw-rw-r--	106	2026-04-23 04:16	/home/zerlinshen/singlecell_factory/results/NC2024_NSCLC_FULL_COHORT_STAGE1_MASSIVE_AUTO_20260423_035552/.checkpoints/after_composition.zarr/X/.zattrs
-rw-rw-r--	22	2026-04-23 04:16	/home/zerlinshen/singlecell_factory/results/NC2024_NSCLC_FULL_COHORT_STAGE1_MASSIVE_AUTO_20260423_035552/.checkpoints/after_composition.zarr/X/.zgroup
drwxrwxr-x	36864	2026-04-23 04:16	/home/zerlinshen/singlecell_factory/results/NC2024_NSCLC_FULL_COHORT_STAGE1_MASSIVE_AUTO_20260423_035552/.checkpoints/after_composition.zarr/X/indices
drwxrwxr-x	36864	2026-04-23 04:16	/home/zerlinshen/singlecell_factory/results/NC2024_NSCLC_FULL_COHORT_STAGE1_MASSIVE_AUTO_20260423_035552/.checkpoints/after_composition.zarr/X/data
drwxrwxr-x	4096	2026-04-23 04:16	/home/zerlinshen/singlecell_factory/results/NC2024_NSCLC_FULL_COHORT_STAGE1_MASSIVE_AUTO_20260423_035552/.checkpoints/after_composition.zarr/X/indptr
drwxrwxr-x	4096	2026-04-23 04:16	/home/zerlinshen/singlecell_factory/results/NC2024_NSCLC_FULL_COHORT_STAGE1_MASSIVE_AUTO_20260423_035552/.checkpoints/after_composition.zarr/obs
drwxrwxr-x	4096	2026-04-23 04:16	/home/zerlinshen/singlecell_factory/results/NC2024_NSCLC_FULL_COHORT_STAGE1_MASSIVE_AUTO_20260423_035552/.checkpoints/after_composition.zarr/obs/score_B cell
-rw-rw-r--	765	2026-04-23 04:16	/home/zerlinshen/singlecell_factory/results/NC2024_NSCLC_FULL_COHORT_STAGE1_MASSIVE_AUTO_20260423_035552/.checkpoints/after_composition.zarr/obs/.zattrs
drwxrwxr-x	4096	2026-04-23 04:16	/home/zerlinshen/singlecell_factory/results/NC2024_NSCLC_FULL_COHORT_STAGE1_MASSIVE_AUTO_20260423_035552/.checkpoints/after_composition.zarr/obs/sampling_site
drwxrwxr-x	4096	2026-04-23 04:16	/home/zerlinshen/singlecell_factory/results/NC2024_NSCLC_FULL_COHORT_STAGE1_MASSIVE_AUTO_20260423_035552/.checkpoints/after_composition.zarr/obs/predicted_doublet
drwxrwxr-x	4096	2026-04-23 04:16	/home/zerlinshen/singlecell_factory/results/NC2024_NSCLC_FULL_COHORT_STAGE1_MASSIVE_AUTO_20260423_035552/.checkpoints/after_composition.zarr/obs/tumor_type
drwxrwxr-x	4096	2026-04-23 04:16	/home/zerlinshen/singlecell_factory/results/NC2024_NSCLC_FULL_COHORT_STAGE1_MASSIVE_AUTO_20260423_035552/.checkpoints/after_composition.zarr/obs/original_source_name
drwxrwxr-x	4096	2026-04-23 04:16	/home/zerlinshen/singlecell_factory/results/NC2024_NSCLC_FULL_COHORT_STAGE1_MASSIVE_AUTO_20260423_035552/.checkpoints/after_composition.zarr/obs/leiden
drwxrwxr-x	4096	2026-04-23 04:16	/home/zerlinshen/singlecell_factory/results/NC2024_NSCLC_FULL_COHORT_STAGE1_MASSIVE_AUTO_20260423_035552/.checkpoints/after_composition.zarr/obs/source_file
drwxrwxr-x	4096	2026-04-23 04:16	/home/zerlinshen/singlecell_factory/results/NC2024_NSCLC_FULL_COHORT_STAGE1_MASSIVE_AUTO_20260423_035552/.checkpoints/after_composition.zarr/obs/_index
drwxrwxr-x	4096	2026-04-23 04:16	/home/zerlinshen/singlecell_factory/results/NC2024_NSCLC_FULL_COHORT_STAGE1_MASSIVE_AUTO_20260423_035552/.checkpoints/after_composition.zarr/obs/n_genes_by_counts
drwxrwxr-x	4096	2026-04-23 04:16	/home/zerlinshen/singlecell_factory/results/NC2024_NSCLC_FULL_COHORT_STAGE1_MASSIVE_AUTO_20260423_035552/.checkpoints/after_composition.zarr/obs/donor
drwxrwxr-x	4096	2026-04-23 04:16	/home/zerlinshen/singlecell_factory/results/NC2024_NSCLC_FULL_COHORT_STAGE1_MASSIVE_AUTO_20260423_035552/.checkpoints/after_composition.zarr/obs/patient
drwxrwxr-x	4096	2026-04-23 04:16	/home/zerlinshen/singlecell_factory/results/NC2024_NSCLC_FULL_COHORT_STAGE1_MASSIVE_AUTO_20260423_035552/.checkpoints/after_composition.zarr/obs/score_NK cell
drwxrwxr-x	4096	2026-04-23 04:16	/home/zerlinshen/singlecell_factory/results/NC2024_NSCLC_FULL_COHORT_STAGE1_MASSIVE_AUTO_20260423_035552/.checkpoints/after_composition.zarr/obs/total_counts
drwxrwxr-x	4096	2026-04-23 04:16	/home/zerlinshen/singlecell_factory/results/NC2024_NSCLC_FULL_COHORT_STAGE1_MASSIVE_AUTO_20260423_035552/.checkpoints/after_composition.zarr/obs/batch_join
drwxrwxr-x	4096	2026-04-23 04:16	/home/zerlinshen/singlecell_factory/results/NC2024_NSCLC_FULL_COHORT_STAGE1_MASSIVE_AUTO_20260423_035552/.checkpoints/after_composition.zarr/obs/score_Tumor epithelial
drwxrwxr-x	4096	2026-04-23 04:16	/home/zerlinshen/singlecell_factory/results/NC2024_NSCLC_FULL_COHORT_STAGE1_MASSIVE_AUTO_20260423_035552/.checkpoints/after_composition.zarr/obs/score_T cell
drwxrwxr-x	4096	2026-04-23 04:16	/home/zerlinshen/singlecell_factory/results/NC2024_NSCLC_FULL_COHORT_STAGE1_MASSIVE_AUTO_20260423_035552/.checkpoints/after_composition.zarr/obs/pct_counts_hb
drwxrwxr-x	4096	2026-04-23 04:16	/home/zerlinshen/singlecell_factory/results/NC2024_NSCLC_FULL_COHORT_STAGE1_MASSIVE_AUTO_20260423_035552/.checkpoints/after_composition.zarr/obs/sorting
drwxrwxr-x	4096	2026-04-23 04:16	/home/zerlinshen/singlecell_factory/results/NC2024_NSCLC_FULL_COHORT_STAGE1_MASSIVE_AUTO_20260423_035552/.checkpoints/after_composition.zarr/obs/sample
drwxrwxr-x	4096	2026-04-23 04:16	/home/zerlinshen/singlecell_factory/results/NC2024_NSCLC_FULL_COHORT_STAGE1_MASSIVE_AUTO_20260423_035552/.checkpoints/after_composition.zarr/obs/sample_id
drwxrwxr-x	4096	2026-04-23 04:16	/home/zerlinshen/singlecell_factory/results/NC2024_NSCLC_FULL_COHORT_STAGE1_MASSIVE_AUTO_20260423_035552/.checkpoints/after_composition.zarr/obs/disease
-rw-rw-r--	22	2026-04-23 04:16	/home/zerlinshen/singlecell_factory/results/NC2024_NSCLC_FULL_COHORT_STAGE1_MASSIVE_AUTO_20260423_035552/.checkpoints/after_composition.zarr/obs/.zgroup
drwxrwxr-x	4096	2026-04-23 04:16	/home/zerlinshen/singlecell_factory/results/NC2024_NSCLC_FULL_COHORT_STAGE1_MASSIVE_AUTO_20260423_035552/.checkpoints/after_composition.zarr/obs/pct_counts_mt
drwxrwxr-x	4096	2026-04-23 04:16	/home/zerlinshen/singlecell_factory/results/NC2024_NSCLC_FULL_COHORT_STAGE1_MASSIVE_AUTO_20260423_035552/.checkpoints/after_composition.zarr/obs/sex
drwxrwxr-x	4096	2026-04-23 04:16	/home/zerlinshen/singlecell_factory/results/NC2024_NSCLC_FULL_COHORT_STAGE1_MASSIVE_AUTO_20260423_035552/.checkpoints/after_composition.zarr/obs/batch
drwxrwxr-x	4096	2026-04-23 04:16	/home/zerlinshen/singlecell_factory/results/NC2024_NSCLC_FULL_COHORT_STAGE1_MASSIVE_AUTO_20260423_035552/.checkpoints/after_composition.zarr/obs/condition
drwxrwxr-x	4096	2026-04-23 04:16	/home/zerlinshen/singlecell_factory/results/NC2024_NSCLC_FULL_COHORT_STAGE1_MASSIVE_AUTO_20260423_035552/.checkpoints/after_composition.zarr/obs/pct_counts_ribo
drwxrwxr-x	4096	2026-04-23 04:16	/home/zerlinshen/singlecell_factory/results/NC2024_NSCLC_FULL_COHORT_STAGE1_MASSIVE_AUTO_20260423_035552/.checkpoints/after_composition.zarr/obs/doublet_score
-rw-rw-r--	22	2026-04-23 04:16	/home/zerlinshen/singlecell_factory/results/NC2024_NSCLC_FULL_COHORT_STAGE1_MASSIVE_AUTO_20260423_035552/.checkpoints/after_composition.zarr/.zgroup
-rw-rw-r--	6913	2026-04-23 04:19	/home/zerlinshen/singlecell_factory/results/NC2024_NSCLC_FULL_COHORT_STAGE1_MASSIVE_AUTO_20260423_035552/.checkpoints/after_tumor_microenvironment.json
-rw-rw-r--	12304989730	2026-04-23 04:16	/home/zerlinshen/singlecell_factory/results/NC2024_NSCLC_FULL_COHORT_STAGE1_MASSIVE_AUTO_20260423_035552/.checkpoints/after_annotation.h5ad
drwxrwxr-x	4096	2026-04-23 04:16	/home/zerlinshen/singlecell_factory/results/NC2024_NSCLC_FULL_COHORT_STAGE1_MASSIVE_AUTO_20260423_035552/.checkpoints/after_annotation.zarr
-rw-rw-r--	2	2026-04-23 04:16	/home/zerlinshen/singlecell_factory/results/NC2024_NSCLC_FULL_COHORT_STAGE1_MASSIVE_AUTO_20260423_035552/.checkpoints/after_annotation.zarr/.zattrs
drwxrwxr-x	4096	2026-04-23 04:16	/home/zerlinshen/singlecell_factory/results/NC2024_NSCLC_FULL_COHORT_STAGE1_MASSIVE_AUTO_20260423_035552/.checkpoints/after_annotation.zarr/X
-rw-rw-r--	106	2026-04-23 04:16	/home/zerlinshen/singlecell_factory/results/NC2024_NSCLC_FULL_COHORT_STAGE1_MASSIVE_AUTO_20260423_035552/.checkpoints/after_annotation.zarr/X/.zattrs
-rw-rw-r--	22	2026-04-23 04:16	/home/zerlinshen/singlecell_factory/results/NC2024_NSCLC_FULL_COHORT_STAGE1_MASSIVE_AUTO_20260423_035552/.checkpoints/after_annotation.zarr/X/.zgroup
drwxrwxr-x	36864	2026-04-23 04:16	/home/zerlinshen/singlecell_factory/results/NC2024_NSCLC_FULL_COHORT_STAGE1_MASSIVE_AUTO_20260423_035552/.checkpoints/after_annotation.zarr/X/indices
drwxrwxr-x	36864	2026-04-23 04:16	/home/zerlinshen/singlecell_factory/results/NC2024_NSCLC_FULL_COHORT_STAGE1_MASSIVE_AUTO_20260423_035552/.checkpoints/after_annotation.zarr/X/data
drwxrwxr-x	4096	2026-04-23 04:16	/home/zerlinshen/singlecell_factory/results/NC2024_NSCLC_FULL_COHORT_STAGE1_MASSIVE_AUTO_20260423_035552/.checkpoints/after_annotation.zarr/X/indptr
drwxrwxr-x	4096	2026-04-23 04:16	/home/zerlinshen/singlecell_factory/results/NC2024_NSCLC_FULL_COHORT_STAGE1_MASSIVE_AUTO_20260423_035552/.checkpoints/after_annotation.zarr/obs
drwxrwxr-x	4096	2026-04-23 04:16	/home/zerlinshen/singlecell_factory/results/NC2024_NSCLC_FULL_COHORT_STAGE1_MASSIVE_AUTO_20260423_035552/.checkpoints/after_annotation.zarr/obs/score_B cell
-rw-rw-r--	765	2026-04-23 04:16	/home/zerlinshen/singlecell_factory/results/NC2024_NSCLC_FULL_COHORT_STAGE1_MASSIVE_AUTO_20260423_035552/.checkpoints/after_annotation.zarr/obs/.zattrs
drwxrwxr-x	4096	2026-04-23 04:16	/home/zerlinshen/singlecell_factory/results/NC2024_NSCLC_FULL_COHORT_STAGE1_MASSIVE_AUTO_20260423_035552/.checkpoints/after_annotation.zarr/obs/sampling_site
drwxrwxr-x	4096	2026-04-23 04:16	/home/zerlinshen/singlecell_factory/results/NC2024_NSCLC_FULL_COHORT_STAGE1_MASSIVE_AUTO_20260423_035552/.checkpoints/after_annotation.zarr/obs/predicted_doublet
drwxrwxr-x	4096	2026-04-23 04:16	/home/zerlinshen/singlecell_factory/results/NC2024_NSCLC_FULL_COHORT_STAGE1_MASSIVE_AUTO_20260423_035552/.checkpoints/after_annotation.zarr/obs/tumor_type
drwxrwxr-x	4096	2026-04-23 04:16	/home/zerlinshen/singlecell_factory/results/NC2024_NSCLC_FULL_COHORT_STAGE1_MASSIVE_AUTO_20260423_035552/.checkpoints/after_annotation.zarr/obs/original_source_name
drwxrwxr-x	4096	2026-04-23 04:16	/home/zerlinshen/singlecell_factory/results/NC2024_NSCLC_FULL_COHORT_STAGE1_MASSIVE_AUTO_20260423_035552/.checkpoints/after_annotation.zarr/obs/leiden
drwxrwxr-x	4096	2026-04-23 04:16	/home/zerlinshen/singlecell_factory/results/NC2024_NSCLC_FULL_COHORT_STAGE1_MASSIVE_AUTO_20260423_035552/.checkpoints/after_annotation.zarr/obs/source_file
drwxrwxr-x	4096	2026-04-23 04:16	/home/zerlinshen/singlecell_factory/results/NC2024_NSCLC_FULL_COHORT_STAGE1_MASSIVE_AUTO_20260423_035552/.checkpoints/after_annotation.zarr/obs/_index
drwxrwxr-x	4096	2026-04-23 04:16	/home/zerlinshen/singlecell_factory/results/NC2024_NSCLC_FULL_COHORT_STAGE1_MASSIVE_AUTO_20260423_035552/.checkpoints/after_annotation.zarr/obs/n_genes_by_counts
drwxrwxr-x	4096	2026-04-23 04:16	/home/zerlinshen/singlecell_factory/results/NC2024_NSCLC_FULL_COHORT_STAGE1_MASSIVE_AUTO_20260423_035552/.checkpoints/after_annotation.zarr/obs/donor
drwxrwxr-x	4096	2026-04-23 04:16	/home/zerlinshen/singlecell_factory/results/NC2024_NSCLC_FULL_COHORT_STAGE1_MASSIVE_AUTO_20260423_035552/.checkpoints/after_annotation.zarr/obs/patient
drwxrwxr-x	4096	2026-04-23 04:16	/home/zerlinshen/singlecell_factory/results/NC2024_NSCLC_FULL_COHORT_STAGE1_MASSIVE_AUTO_20260423_035552/.checkpoints/after_annotation.zarr/obs/score_NK cell
drwxrwxr-x	4096	2026-04-23 04:16	/home/zerlinshen/singlecell_factory/results/NC2024_NSCLC_FULL_COHORT_STAGE1_MASSIVE_AUTO_20260423_035552/.checkpoints/after_annotation.zarr/obs/total_counts
drwxrwxr-x	4096	2026-04-23 04:16	/home/zerlinshen/singlecell_factory/results/NC2024_NSCLC_FULL_COHORT_STAGE1_MASSIVE_AUTO_20260423_035552/.checkpoints/after_annotation.zarr/obs/batch_join
drwxrwxr-x	4096	2026-04-23 04:16	/home/zerlinshen/singlecell_factory/results/NC2024_NSCLC_FULL_COHORT_STAGE1_MASSIVE_AUTO_20260423_035552/.checkpoints/after_annotation.zarr/obs/score_Tumor epithelial
drwxrwxr-x	4096	2026-04-23 04:16	/home/zerlinshen/singlecell_factory/results/NC2024_NSCLC_FULL_COHORT_STAGE1_MASSIVE_AUTO_20260423_035552/.checkpoints/after_annotation.zarr/obs/score_T cell
drwxrwxr-x	4096	2026-04-23 04:16	/home/zerlinshen/singlecell_factory/results/NC2024_NSCLC_FULL_COHORT_STAGE1_MASSIVE_AUTO_20260423_035552/.checkpoints/after_annotation.zarr/obs/pct_counts_hb
drwxrwxr-x	4096	2026-04-23 04:16	/home/zerlinshen/singlecell_factory/results/NC2024_NSCLC_FULL_COHORT_STAGE1_MASSIVE_AUTO_20260423_035552/.checkpoints/after_annotation.zarr/obs/sorting
drwxrwxr-x	4096	2026-04-23 04:16	/home/zerlinshen/singlecell_factory/results/NC2024_NSCLC_FULL_COHORT_STAGE1_MASSIVE_AUTO_20260423_035552/.checkpoints/after_annotation.zarr/obs/sample
drwxrwxr-x	4096	2026-04-23 04:16	/home/zerlinshen/singlecell_factory/results/NC2024_NSCLC_FULL_COHORT_STAGE1_MASSIVE_AUTO_20260423_035552/.checkpoints/after_annotation.zarr/obs/sample_id
drwxrwxr-x	4096	2026-04-23 04:16	/home/zerlinshen/singlecell_factory/results/NC2024_NSCLC_FULL_COHORT_STAGE1_MASSIVE_AUTO_20260423_035552/.checkpoints/after_annotation.zarr/obs/disease
-rw-rw-r--	22	2026-04-23 04:16	/home/zerlinshen/singlecell_factory/results/NC2024_NSCLC_FULL_COHORT_STAGE1_MASSIVE_AUTO_20260423_035552/.checkpoints/after_annotation.zarr/obs/.zgroup
drwxrwxr-x	4096	2026-04-23 04:16	/home/zerlinshen/singlecell_factory/results/NC2024_NSCLC_FULL_COHORT_STAGE1_MASSIVE_AUTO_20260423_035552/.checkpoints/after_annotation.zarr/obs/pct_counts_mt
drwxrwxr-x	4096	2026-04-23 04:16	/home/zerlinshen/singlecell_factory/results/NC2024_NSCLC_FULL_COHORT_STAGE1_MASSIVE_AUTO_20260423_035552/.checkpoints/after_annotation.zarr/obs/sex
drwxrwxr-x	4096	2026-04-23 04:16	/home/zerlinshen/singlecell_factory/results/NC2024_NSCLC_FULL_COHORT_STAGE1_MASSIVE_AUTO_20260423_035552/.checkpoints/after_annotation.zarr/obs/batch
drwxrwxr-x	4096	2026-04-23 04:16	/home/zerlinshen/singlecell_factory/results/NC2024_NSCLC_FULL_COHORT_STAGE1_MASSIVE_AUTO_20260423_035552/.checkpoints/after_annotation.zarr/obs/condition
drwxrwxr-x	4096	2026-04-23 04:16	/home/zerlinshen/singlecell_factory/results/NC2024_NSCLC_FULL_COHORT_STAGE1_MASSIVE_AUTO_20260423_035552/.checkpoints/after_annotation.zarr/obs/pct_counts_ribo
drwxrwxr-x	4096	2026-04-23 04:16	/home/zerlinshen/singlecell_factory/results/NC2024_NSCLC_FULL_COHORT_STAGE1_MASSIVE_AUTO_20260423_035552/.checkpoints/after_annotation.zarr/obs/doublet_score
-rw-rw-r--	22	2026-04-23 04:16	/home/zerlinshen/singlecell_factory/results/NC2024_NSCLC_FULL_COHORT_STAGE1_MASSIVE_AUTO_20260423_035552/.checkpoints/after_annotation.zarr/.zgroup
-rw-rw-r--	5020	2026-04-23 04:14	/home/zerlinshen/singlecell_factory/results/NC2024_NSCLC_FULL_COHORT_STAGE1_MASSIVE_AUTO_20260423_035552/.checkpoints/after_clustering.json
-rw-rw-r--	6422	2026-04-23 04:18	/home/zerlinshen/singlecell_factory/results/NC2024_NSCLC_FULL_COHORT_STAGE1_MASSIVE_AUTO_20260423_035552/.checkpoints/after_immune_phenotyping.json
-rw-rw-r--	12464621348	2026-04-23 04:19	/home/zerlinshen/singlecell_factory/results/NC2024_NSCLC_FULL_COHORT_STAGE1_MASSIVE_AUTO_20260423_035552/.checkpoints/after_tumor_microenvironment.h5ad
-rw-rw-r--	5702	2026-04-23 04:16	/home/zerlinshen/singlecell_factory/results/NC2024_NSCLC_FULL_COHORT_STAGE1_MASSIVE_AUTO_20260423_035552/.checkpoints/after_composition.json
-rw-rw-r--	12304989730	2026-04-23 04:16	/home/zerlinshen/singlecell_factory/results/NC2024_NSCLC_FULL_COHORT_STAGE1_MASSIVE_AUTO_20260423_035552/.checkpoints/after_composition.h5ad
drwxrwxr-x	4096	2026-04-23 04:14	/home/zerlinshen/singlecell_factory/results/NC2024_NSCLC_FULL_COHORT_STAGE1_MASSIVE_AUTO_20260423_035552/.checkpoints/after_clustering.zarr
drwxrwxr-x	4096	2026-04-23 04:14	/home/zerlinshen/singlecell_factory/results/NC2024_NSCLC_FULL_COHORT_STAGE1_MASSIVE_AUTO_20260423_035552/.checkpoints/after_clustering.zarr/var
-rw-rw-r--	205	2026-04-23 04:14	/home/zerlinshen/singlecell_factory/results/NC2024_NSCLC_FULL_COHORT_STAGE1_MASSIVE_AUTO_20260423_035552/.checkpoints/after_clustering.zarr/var/.zattrs
drwxrwxr-x	4096	2026-04-23 04:14	/home/zerlinshen/singlecell_factory/results/NC2024_NSCLC_FULL_COHORT_STAGE1_MASSIVE_AUTO_20260423_035552/.checkpoints/after_clustering.zarr/var/n_cells
drwxrwxr-x	4096	2026-04-23 04:14	/home/zerlinshen/singlecell_factory/results/NC2024_NSCLC_FULL_COHORT_STAGE1_MASSIVE_AUTO_20260423_035552/.checkpoints/after_clustering.zarr/var/highly_variable
drwxrwxr-x	4096	2026-04-23 04:14	/home/zerlinshen/singlecell_factory/results/NC2024_NSCLC_FULL_COHORT_STAGE1_MASSIVE_AUTO_20260423_035552/.checkpoints/after_clustering.zarr/var/means
drwxrwxr-x	4096	2026-04-23 04:14	/home/zerlinshen/singlecell_factory/results/NC2024_NSCLC_FULL_COHORT_STAGE1_MASSIVE_AUTO_20260423_035552/.checkpoints/after_clustering.zarr/var/_index
drwxrwxr-x	4096	2026-04-23 04:14	/home/zerlinshen/singlecell_factory/results/NC2024_NSCLC_FULL_COHORT_STAGE1_MASSIVE_AUTO_20260423_035552/.checkpoints/after_clustering.zarr/var/dispersions_norm
drwxrwxr-x	4096	2026-04-23 04:14	/home/zerlinshen/singlecell_factory/results/NC2024_NSCLC_FULL_COHORT_STAGE1_MASSIVE_AUTO_20260423_035552/.checkpoints/after_clustering.zarr/var/dispersions
-rw-rw-r--	22	2026-04-23 04:14	/home/zerlinshen/singlecell_factory/results/NC2024_NSCLC_FULL_COHORT_STAGE1_MASSIVE_AUTO_20260423_035552/.checkpoints/after_clustering.zarr/var/.zgroup
-rw-rw-r--	63	2026-04-23 04:14	/home/zerlinshen/singlecell_factory/results/NC2024_NSCLC_FULL_COHORT_STAGE1_MASSIVE_AUTO_20260423_035552/.checkpoints/after_clustering.zarr/.zattrs
drwxrwxr-x	4096	2026-04-23 04:14	/home/zerlinshen/singlecell_factory/results/NC2024_NSCLC_FULL_COHORT_STAGE1_MASSIVE_AUTO_20260423_035552/.checkpoints/after_clustering.zarr/obsp
-rw-rw-r--	60	2026-04-23 04:14	/home/zerlinshen/singlecell_factory/results/NC2024_NSCLC_FULL_COHORT_STAGE1_MASSIVE_AUTO_20260423_035552/.checkpoints/after_clustering.zarr/obsp/.zattrs
drwxrwxr-x	4096	2026-04-23 04:14	/home/zerlinshen/singlecell_factory/results/NC2024_NSCLC_FULL_COHORT_STAGE1_MASSIVE_AUTO_20260423_035552/.checkpoints/after_clustering.zarr/obsp/connectivities
drwxrwxr-x	4096	2026-04-23 04:14	/home/zerlinshen/singlecell_factory/results/NC2024_NSCLC_FULL_COHORT_STAGE1_MASSIVE_AUTO_20260423_035552/.checkpoints/after_clustering.zarr/obsp/distances
-rw-rw-r--	22	2026-04-23 04:14	/home/zerlinshen/singlecell_factory/results/NC2024_NSCLC_FULL_COHORT_STAGE1_MASSIVE_AUTO_20260423_035552/.checkpoints/after_clustering.zarr/obsp/.zgroup
drwxrwxr-x	4096	2026-04-23 04:14	/home/zerlinshen/singlecell_factory/results/NC2024_NSCLC_FULL_COHORT_STAGE1_MASSIVE_AUTO_20260423_035552/.checkpoints/after_clustering.zarr/X
-rw-rw-r--	106	2026-04-23 04:14	/home/zerlinshen/singlecell_factory/results/NC2024_NSCLC_FULL_COHORT_STAGE1_MASSIVE_AUTO_20260423_035552/.checkpoints/after_clustering.zarr/X/.zattrs
-rw-rw-r--	22	2026-04-23 04:14	/home/zerlinshen/singlecell_factory/results/NC2024_NSCLC_FULL_COHORT_STAGE1_MASSIVE_AUTO_20260423_035552/.checkpoints/after_clustering.zarr/X/.zgroup
drwxrwxr-x	36864	2026-04-23 04:14	/home/zerlinshen/singlecell_factory/results/NC2024_NSCLC_FULL_COHORT_STAGE1_MASSIVE_AUTO_20260423_035552/.checkpoints/after_clustering.zarr/X/indices
drwxrwxr-x	36864	2026-04-23 04:14	/home/zerlinshen/singlecell_factory/results/NC2024_NSCLC_FULL_COHORT_STAGE1_MASSIVE_AUTO_20260423_035552/.checkpoints/after_clustering.zarr/X/data
drwxrwxr-x	4096	2026-04-23 04:14	/home/zerlinshen/singlecell_factory/results/NC2024_NSCLC_FULL_COHORT_STAGE1_MASSIVE_AUTO_20260423_035552/.checkpoints/after_clustering.zarr/X/indptr
drwxrwxr-x	4096	2026-04-23 04:14	/home/zerlinshen/singlecell_factory/results/NC2024_NSCLC_FULL_COHORT_STAGE1_MASSIVE_AUTO_20260423_035552/.checkpoints/after_clustering.zarr/raw
-rw-rw-r--	60	2026-04-23 04:14	/home/zerlinshen/singlecell_factory/results/NC2024_NSCLC_FULL_COHORT_STAGE1_MASSIVE_AUTO_20260423_035552/.checkpoints/after_clustering.zarr/raw/.zattrs
-rw-rw-r--	275	2026-04-23 04:14	/home/zerlinshen/singlecell_factory/results/NC2024_NSCLC_FULL_COHORT_STAGE1_MASSIVE_AUTO_20260423_035552/.checkpoints/after_clustering.zarr/raw/.zarray
drwxrwxr-x	4096	2026-04-23 04:14	/home/zerlinshen/singlecell_factory/results/NC2024_NSCLC_FULL_COHORT_STAGE1_MASSIVE_AUTO_20260423_035552/.checkpoints/after_clustering.zarr/varp
-rw-rw-r--	60	2026-04-23 04:14	/home/zerlinshen/singlecell_factory/results/NC2024_NSCLC_FULL_COHORT_STAGE1_MASSIVE_AUTO_20260423_035552/.checkpoints/after_clustering.zarr/varp/.zattrs
-rw-rw-r--	22	2026-04-23 04:14	/home/zerlinshen/singlecell_factory/results/NC2024_NSCLC_FULL_COHORT_STAGE1_MASSIVE_AUTO_20260423_035552/.checkpoints/after_clustering.zarr/varp/.zgroup
drwxrwxr-x	4096	2026-04-23 04:14	/home/zerlinshen/singlecell_factory/results/NC2024_NSCLC_FULL_COHORT_STAGE1_MASSIVE_AUTO_20260423_035552/.checkpoints/after_clustering.zarr/layers
-rw-rw-r--	60	2026-04-23 04:14	/home/zerlinshen/singlecell_factory/results/NC2024_NSCLC_FULL_COHORT_STAGE1_MASSIVE_AUTO_20260423_035552/.checkpoints/after_clustering.zarr/layers/.zattrs
-rw-rw-r--	22	2026-04-23 04:14	/home/zerlinshen/singlecell_factory/results/NC2024_NSCLC_FULL_COHORT_STAGE1_MASSIVE_AUTO_20260423_035552/.checkpoints/after_clustering.zarr/layers/.zgroup
drwxrwxr-x	4096	2026-04-23 04:14	/home/zerlinshen/singlecell_factory/results/NC2024_NSCLC_FULL_COHORT_STAGE1_MASSIVE_AUTO_20260423_035552/.checkpoints/after_clustering.zarr/uns
-rw-rw-r--	60	2026-04-23 04:14	/home/zerlinshen/singlecell_factory/results/NC2024_NSCLC_FULL_COHORT_STAGE1_MASSIVE_AUTO_20260423_035552/.checkpoints/after_clustering.zarr/uns/.zattrs
drwxrwxr-x	4096	2026-04-23 04:14	/home/zerlinshen/singlecell_factory/results/NC2024_NSCLC_FULL_COHORT_STAGE1_MASSIVE_AUTO_20260423_035552/.checkpoints/after_clustering.zarr/uns/umap
drwxrwxr-x	4096	2026-04-23 04:14	/home/zerlinshen/singlecell_factory/results/NC2024_NSCLC_FULL_COHORT_STAGE1_MASSIVE_AUTO_20260423_035552/.checkpoints/after_clustering.zarr/uns/neighbors
drwxrwxr-x	4096	2026-04-23 04:14	/home/zerlinshen/singlecell_factory/results/NC2024_NSCLC_FULL_COHORT_STAGE1_MASSIVE_AUTO_20260423_035552/.checkpoints/after_clustering.zarr/uns/leiden
drwxrwxr-x	4096	2026-04-23 04:14	/home/zerlinshen/singlecell_factory/results/NC2024_NSCLC_FULL_COHORT_STAGE1_MASSIVE_AUTO_20260423_035552/.checkpoints/after_clustering.zarr/uns/hvg
-rw-rw-r--	22	2026-04-23 04:14	/home/zerlinshen/singlecell_factory/results/NC2024_NSCLC_FULL_COHORT_STAGE1_MASSIVE_AUTO_20260423_035552/.checkpoints/after_clustering.zarr/uns/.zgroup
drwxrwxr-x	4096	2026-04-23 04:14	/home/zerlinshen/singlecell_factory/results/NC2024_NSCLC_FULL_COHORT_STAGE1_MASSIVE_AUTO_20260423_035552/.checkpoints/after_clustering.zarr/uns/leiden_colors
drwxrwxr-x	4096	2026-04-23 04:14	/home/zerlinshen/singlecell_factory/results/NC2024_NSCLC_FULL_COHORT_STAGE1_MASSIVE_AUTO_20260423_035552/.checkpoints/after_clustering.zarr/uns/log1p
drwxrwxr-x	4096	2026-04-23 04:14	/home/zerlinshen/singlecell_factory/results/NC2024_NSCLC_FULL_COHORT_STAGE1_MASSIVE_AUTO_20260423_035552/.checkpoints/after_clustering.zarr/varm
-rw-rw-r--	60	2026-04-23 04:14	/home/zerlinshen/singlecell_factory/results/NC2024_NSCLC_FULL_COHORT_STAGE1_MASSIVE_AUTO_20260423_035552/.checkpoints/after_clustering.zarr/varm/.zattrs
-rw-rw-r--	22	2026-04-23 04:14	/home/zerlinshen/singlecell_factory/results/NC2024_NSCLC_FULL_COHORT_STAGE1_MASSIVE_AUTO_20260423_035552/.checkpoints/after_clustering.zarr/varm/.zgroup
drwxrwxr-x	4096	2026-04-23 04:14	/home/zerlinshen/singlecell_factory/results/NC2024_NSCLC_FULL_COHORT_STAGE1_MASSIVE_AUTO_20260423_035552/.checkpoints/after_clustering.zarr/obs
-rw-rw-r--	515	2026-04-23 04:14	/home/zerlinshen/singlecell_factory/results/NC2024_NSCLC_FULL_COHORT_STAGE1_MASSIVE_AUTO_20260423_035552/.checkpoints/after_clustering.zarr/obs/.zattrs
drwxrwxr-x	4096	2026-04-23 04:14	/home/zerlinshen/singlecell_factory/results/NC2024_NSCLC_FULL_COHORT_STAGE1_MASSIVE_AUTO_20260423_035552/.checkpoints/after_clustering.zarr/obs/sampling_site
drwxrwxr-x	4096	2026-04-23 04:14	/home/zerlinshen/singlecell_factory/results/NC2024_NSCLC_FULL_COHORT_STAGE1_MASSIVE_AUTO_20260423_035552/.checkpoints/after_clustering.zarr/obs/predicted_doublet
drwxrwxr-x	4096	2026-04-23 04:14	/home/zerlinshen/singlecell_factory/results/NC2024_NSCLC_FULL_COHORT_STAGE1_MASSIVE_AUTO_20260423_035552/.checkpoints/after_clustering.zarr/obs/tumor_type
drwxrwxr-x	4096	2026-04-23 04:14	/home/zerlinshen/singlecell_factory/results/NC2024_NSCLC_FULL_COHORT_STAGE1_MASSIVE_AUTO_20260423_035552/.checkpoints/after_clustering.zarr/obs/original_source_name
drwxrwxr-x	4096	2026-04-23 04:14	/home/zerlinshen/singlecell_factory/results/NC2024_NSCLC_FULL_COHORT_STAGE1_MASSIVE_AUTO_20260423_035552/.checkpoints/after_clustering.zarr/obs/leiden
drwxrwxr-x	4096	2026-04-23 04:14	/home/zerlinshen/singlecell_factory/results/NC2024_NSCLC_FULL_COHORT_STAGE1_MASSIVE_AUTO_20260423_035552/.checkpoints/after_clustering.zarr/obs/source_file
drwxrwxr-x	4096	2026-04-23 04:14	/home/zerlinshen/singlecell_factory/results/NC2024_NSCLC_FULL_COHORT_STAGE1_MASSIVE_AUTO_20260423_035552/.checkpoints/after_clustering.zarr/obs/_index
drwxrwxr-x	4096	2026-04-23 04:14	/home/zerlinshen/singlecell_factory/results/NC2024_NSCLC_FULL_COHORT_STAGE1_MASSIVE_AUTO_20260423_035552/.checkpoints/after_clustering.zarr/obs/n_genes_by_counts
drwxrwxr-x	4096	2026-04-23 04:14	/home/zerlinshen/singlecell_factory/results/NC2024_NSCLC_FULL_COHORT_STAGE1_MASSIVE_AUTO_20260423_035552/.checkpoints/after_clustering.zarr/obs/donor
drwxrwxr-x	4096	2026-04-23 04:14	/home/zerlinshen/singlecell_factory/results/NC2024_NSCLC_FULL_COHORT_STAGE1_MASSIVE_AUTO_20260423_035552/.checkpoints/after_clustering.zarr/obs/patient
drwxrwxr-x	4096	2026-04-23 04:14	/home/zerlinshen/singlecell_factory/results/NC2024_NSCLC_FULL_COHORT_STAGE1_MASSIVE_AUTO_20260423_035552/.checkpoints/after_clustering.zarr/obs/total_counts
drwxrwxr-x	4096	2026-04-23 04:14	/home/zerlinshen/singlecell_factory/results/NC2024_NSCLC_FULL_COHORT_STAGE1_MASSIVE_AUTO_20260423_035552/.checkpoints/after_clustering.zarr/obs/batch_join
drwxrwxr-x	4096	2026-04-23 04:14	/home/zerlinshen/singlecell_factory/results/NC2024_NSCLC_FULL_COHORT_STAGE1_MASSIVE_AUTO_20260423_035552/.checkpoints/after_clustering.zarr/obs/pct_counts_hb
drwxrwxr-x	4096	2026-04-23 04:14	/home/zerlinshen/singlecell_factory/results/NC2024_NSCLC_FULL_COHORT_STAGE1_MASSIVE_AUTO_20260423_035552/.checkpoints/after_clustering.zarr/obs/sorting
drwxrwxr-x	4096	2026-04-23 04:14	/home/zerlinshen/singlecell_factory/results/NC2024_NSCLC_FULL_COHORT_STAGE1_MASSIVE_AUTO_20260423_035552/.checkpoints/after_clustering.zarr/obs/sample
drwxrwxr-x	4096	2026-04-23 04:14	/home/zerlinshen/singlecell_factory/results/NC2024_NSCLC_FULL_COHORT_STAGE1_MASSIVE_AUTO_20260423_035552/.checkpoints/after_clustering.zarr/obs/sample_id
drwxrwxr-x	4096	2026-04-23 04:14	/home/zerlinshen/singlecell_factory/results/NC2024_NSCLC_FULL_COHORT_STAGE1_MASSIVE_AUTO_20260423_035552/.checkpoints/after_clustering.zarr/obs/disease
-rw-rw-r--	22	2026-04-23 04:14	/home/zerlinshen/singlecell_factory/results/NC2024_NSCLC_FULL_COHORT_STAGE1_MASSIVE_AUTO_20260423_035552/.checkpoints/after_clustering.zarr/obs/.zgroup
drwxrwxr-x	4096	2026-04-23 04:14	/home/zerlinshen/singlecell_factory/results/NC2024_NSCLC_FULL_COHORT_STAGE1_MASSIVE_AUTO_20260423_035552/.checkpoints/after_clustering.zarr/obs/pct_counts_mt
drwxrwxr-x	4096	2026-04-23 04:14	/home/zerlinshen/singlecell_factory/results/NC2024_NSCLC_FULL_COHORT_STAGE1_MASSIVE_AUTO_20260423_035552/.checkpoints/after_clustering.zarr/obs/sex
drwxrwxr-x	4096	2026-04-23 04:14	/home/zerlinshen/singlecell_factory/results/NC2024_NSCLC_FULL_COHORT_STAGE1_MASSIVE_AUTO_20260423_035552/.checkpoints/after_clustering.zarr/obs/batch
drwxrwxr-x	4096	2026-04-23 04:14	/home/zerlinshen/singlecell_factory/results/NC2024_NSCLC_FULL_COHORT_STAGE1_MASSIVE_AUTO_20260423_035552/.checkpoints/after_clustering.zarr/obs/condition
drwxrwxr-x	4096	2026-04-23 04:14	/home/zerlinshen/singlecell_factory/results/NC2024_NSCLC_FULL_COHORT_STAGE1_MASSIVE_AUTO_20260423_035552/.checkpoints/after_clustering.zarr/obs/pct_counts_ribo
drwxrwxr-x	4096	2026-04-23 04:14	/home/zerlinshen/singlecell_factory/results/NC2024_NSCLC_FULL_COHORT_STAGE1_MASSIVE_AUTO_20260423_035552/.checkpoints/after_clustering.zarr/obs/doublet_score
-rw-rw-r--	22	2026-04-23 04:14	/home/zerlinshen/singlecell_factory/results/NC2024_NSCLC_FULL_COHORT_STAGE1_MASSIVE_AUTO_20260423_035552/.checkpoints/after_clustering.zarr/.zgroup
drwxrwxr-x	4096	2026-04-23 04:14	/home/zerlinshen/singlecell_factory/results/NC2024_NSCLC_FULL_COHORT_STAGE1_MASSIVE_AUTO_20260423_035552/.checkpoints/after_clustering.zarr/obsm
-rw-rw-r--	60	2026-04-23 04:14	/home/zerlinshen/singlecell_factory/results/NC2024_NSCLC_FULL_COHORT_STAGE1_MASSIVE_AUTO_20260423_035552/.checkpoints/after_clustering.zarr/obsm/.zattrs
drwxrwxr-x	4096	2026-04-23 04:14	/home/zerlinshen/singlecell_factory/results/NC2024_NSCLC_FULL_COHORT_STAGE1_MASSIVE_AUTO_20260423_035552/.checkpoints/after_clustering.zarr/obsm/X_pca
drwxrwxr-x	4096	2026-04-23 04:14	/home/zerlinshen/singlecell_factory/results/NC2024_NSCLC_FULL_COHORT_STAGE1_MASSIVE_AUTO_20260423_035552/.checkpoints/after_clustering.zarr/obsm/X_umap
-rw-rw-r--	22	2026-04-23 04:14	/home/zerlinshen/singlecell_factory/results/NC2024_NSCLC_FULL_COHORT_STAGE1_MASSIVE_AUTO_20260423_035552/.checkpoints/after_clustering.zarr/obsm/.zgroup
drwxrwxr-x	12288	2026-04-23 04:14	/home/zerlinshen/singlecell_factory/results/NC2024_NSCLC_FULL_COHORT_STAGE1_MASSIVE_AUTO_20260423_035552/.checkpoints/after_clustering.zarr/obsm/X_css
-rw-rw-r--	34434	2026-04-23 04:14	/home/zerlinshen/singlecell_factory/results/NC2024_NSCLC_FULL_COHORT_STAGE1_MASSIVE_AUTO_20260423_035552/.checkpoints/after_clustering.zarr/.zmetadata
-rw-rw-r--	1075	2026-04-23 03:56	/home/zerlinshen/singlecell_factory/results/NC2024_NSCLC_FULL_COHORT_STAGE1_MASSIVE_AUTO_20260423_035552/.checkpoints/after_qc.json
-rw-rw-r--	725	2026-04-23 03:55	/home/zerlinshen/singlecell_factory/results/NC2024_NSCLC_FULL_COHORT_STAGE1_MASSIVE_AUTO_20260423_035552/.checkpoints/after_cellranger.json
-rw-rw-r--	5371	2026-04-23 04:16	/home/zerlinshen/singlecell_factory/results/NC2024_NSCLC_FULL_COHORT_STAGE1_MASSIVE_AUTO_20260423_035552/.checkpoints/after_annotation.json
drwxrwxr-x	4096	2026-04-23 04:18	/home/zerlinshen/singlecell_factory/results/NC2024_NSCLC_FULL_COHORT_STAGE1_MASSIVE_AUTO_20260423_035552/.checkpoints/after_immune_phenotyping.zarr
-rw-rw-r--	2	2026-04-23 04:18	/home/zerlinshen/singlecell_factory/results/NC2024_NSCLC_FULL_COHORT_STAGE1_MASSIVE_AUTO_20260423_035552/.checkpoints/after_immune_phenotyping.zarr/.zattrs
drwxrwxr-x	4096	2026-04-23 04:18	/home/zerlinshen/singlecell_factory/results/NC2024_NSCLC_FULL_COHORT_STAGE1_MASSIVE_AUTO_20260423_035552/.checkpoints/after_immune_phenotyping.zarr/X
-rw-rw-r--	106	2026-04-23 04:18	/home/zerlinshen/singlecell_factory/results/NC2024_NSCLC_FULL_COHORT_STAGE1_MASSIVE_AUTO_20260423_035552/.checkpoints/after_immune_phenotyping.zarr/X/.zattrs
-rw-rw-r--	22	2026-04-23 04:18	/home/zerlinshen/singlecell_factory/results/NC2024_NSCLC_FULL_COHORT_STAGE1_MASSIVE_AUTO_20260423_035552/.checkpoints/after_immune_phenotyping.zarr/X/.zgroup
drwxrwxr-x	36864	2026-04-23 04:18	/home/zerlinshen/singlecell_factory/results/NC2024_NSCLC_FULL_COHORT_STAGE1_MASSIVE_AUTO_20260423_035552/.checkpoints/after_immune_phenotyping.zarr/X/indices
drwxrwxr-x	36864	2026-04-23 04:18	/home/zerlinshen/singlecell_factory/results/NC2024_NSCLC_FULL_COHORT_STAGE1_MASSIVE_AUTO_20260423_035552/.checkpoints/after_immune_phenotyping.zarr/X/data
drwxrwxr-x	4096	2026-04-23 04:18	/home/zerlinshen/singlecell_factory/results/NC2024_NSCLC_FULL_COHORT_STAGE1_MASSIVE_AUTO_20260423_035552/.checkpoints/after_immune_phenotyping.zarr/X/indptr
drwxrwxr-x	4096	2026-04-23 04:18	/home/zerlinshen/singlecell_factory/results/NC2024_NSCLC_FULL_COHORT_STAGE1_MASSIVE_AUTO_20260423_035552/.checkpoints/after_immune_phenotyping.zarr/obs
drwxrwxr-x	4096	2026-04-23 04:18	/home/zerlinshen/singlecell_factory/results/NC2024_NSCLC_FULL_COHORT_STAGE1_MASSIVE_AUTO_20260423_035552/.checkpoints/after_immune_phenotyping.zarr/obs/score_B cell
-rw-rw-r--	1196	2026-04-23 04:18	/home/zerlinshen/singlecell_factory/results/NC2024_NSCLC_FULL_COHORT_STAGE1_MASSIVE_AUTO_20260423_035552/.checkpoints/after_immune_phenotyping.zarr/obs/.zattrs
drwxrwxr-x	4096	2026-04-23 04:18	/home/zerlinshen/singlecell_factory/results/NC2024_NSCLC_FULL_COHORT_STAGE1_MASSIVE_AUTO_20260423_035552/.checkpoints/after_immune_phenotyping.zarr/obs/sampling_site
drwxrwxr-x	4096	2026-04-23 04:18	/home/zerlinshen/singlecell_factory/results/NC2024_NSCLC_FULL_COHORT_STAGE1_MASSIVE_AUTO_20260423_035552/.checkpoints/after_immune_phenotyping.zarr/obs/predicted_doublet
drwxrwxr-x	4096	2026-04-23 04:18	/home/zerlinshen/singlecell_factory/results/NC2024_NSCLC_FULL_COHORT_STAGE1_MASSIVE_AUTO_20260423_035552/.checkpoints/after_immune_phenotyping.zarr/obs/tumor_type
drwxrwxr-x	4096	2026-04-23 04:18	/home/zerlinshen/singlecell_factory/results/NC2024_NSCLC_FULL_COHORT_STAGE1_MASSIVE_AUTO_20260423_035552/.checkpoints/after_immune_phenotyping.zarr/obs/original_source_name
drwxrwxr-x	4096	2026-04-23 04:18	/home/zerlinshen/singlecell_factory/results/NC2024_NSCLC_FULL_COHORT_STAGE1_MASSIVE_AUTO_20260423_035552/.checkpoints/after_immune_phenotyping.zarr/obs/leiden
drwxrwxr-x	4096	2026-04-23 04:18	/home/zerlinshen/singlecell_factory/results/NC2024_NSCLC_FULL_COHORT_STAGE1_MASSIVE_AUTO_20260423_035552/.checkpoints/after_immune_phenotyping.zarr/obs/source_file
drwxrwxr-x	4096	2026-04-23 04:18	/home/zerlinshen/singlecell_factory/results/NC2024_NSCLC_FULL_COHORT_STAGE1_MASSIVE_AUTO_20260423_035552/.checkpoints/after_immune_phenotyping.zarr/obs/_index
drwxrwxr-x	4096	2026-04-23 04:18	/home/zerlinshen/singlecell_factory/results/NC2024_NSCLC_FULL_COHORT_STAGE1_MASSIVE_AUTO_20260423_035552/.checkpoints/after_immune_phenotyping.zarr/obs/n_genes_by_counts
drwxrwxr-x	4096	2026-04-23 04:18	/home/zerlinshen/singlecell_factory/results/NC2024_NSCLC_FULL_COHORT_STAGE1_MASSIVE_AUTO_20260423_035552/.checkpoints/after_immune_phenotyping.zarr/obs/donor
drwxrwxr-x	4096	2026-04-23 04:18	/home/zerlinshen/singlecell_factory/results/NC2024_NSCLC_FULL_COHORT_STAGE1_MASSIVE_AUTO_20260423_035552/.checkpoints/after_immune_phenotyping.zarr/obs/patient
drwxrwxr-x	4096	2026-04-23 04:18	/home/zerlinshen/singlecell_factory/results/NC2024_NSCLC_FULL_COHORT_STAGE1_MASSIVE_AUTO_20260423_035552/.checkpoints/after_immune_phenotyping.zarr/obs/score_NK cell
drwxrwxr-x	4096	2026-04-23 04:18	/home/zerlinshen/singlecell_factory/results/NC2024_NSCLC_FULL_COHORT_STAGE1_MASSIVE_AUTO_20260423_035552/.checkpoints/after_immune_phenotyping.zarr/obs/total_counts
drwxrwxr-x	4096	2026-04-23 04:18	/home/zerlinshen/singlecell_factory/results/NC2024_NSCLC_FULL_COHORT_STAGE1_MASSIVE_AUTO_20260423_035552/.checkpoints/after_immune_phenotyping.zarr/obs/batch_join
drwxrwxr-x	4096	2026-04-23 04:18	/home/zerlinshen/singlecell_factory/results/NC2024_NSCLC_FULL_COHORT_STAGE1_MASSIVE_AUTO_20260423_035552/.checkpoints/after_immune_phenotyping.zarr/obs/score_Tumor epithelial
drwxrwxr-x	4096	2026-04-23 04:18	/home/zerlinshen/singlecell_factory/results/NC2024_NSCLC_FULL_COHORT_STAGE1_MASSIVE_AUTO_20260423_035552/.checkpoints/after_immune_phenotyping.zarr/obs/score_T cell
drwxrwxr-x	4096	2026-04-23 04:18	/home/zerlinshen/singlecell_factory/results/NC2024_NSCLC_FULL_COHORT_STAGE1_MASSIVE_AUTO_20260423_035552/.checkpoints/after_immune_phenotyping.zarr/obs/pct_counts_hb
drwxrwxr-x	4096	2026-04-23 04:18	/home/zerlinshen/singlecell_factory/results/NC2024_NSCLC_FULL_COHORT_STAGE1_MASSIVE_AUTO_20260423_035552/.checkpoints/after_immune_phenotyping.zarr/obs/sorting
drwxrwxr-x	4096	2026-04-23 04:18	/home/zerlinshen/singlecell_factory/results/NC2024_NSCLC_FULL_COHORT_STAGE1_MASSIVE_AUTO_20260423_035552/.checkpoints/after_immune_phenotyping.zarr/obs/sample
drwxrwxr-x	4096	2026-04-23 04:18	/home/zerlinshen/singlecell_factory/results/NC2024_NSCLC_FULL_COHORT_STAGE1_MASSIVE_AUTO_20260423_035552/.checkpoints/after_immune_phenotyping.zarr/obs/sample_id
drwxrwxr-x	4096	2026-04-23 04:18	/home/zerlinshen/singlecell_factory/results/NC2024_NSCLC_FULL_COHORT_STAGE1_MASSIVE_AUTO_20260423_035552/.checkpoints/after_immune_phenotyping.zarr/obs/disease
-rw-rw-r--	22	2026-04-23 04:18	/home/zerlinshen/singlecell_factory/results/NC2024_NSCLC_FULL_COHORT_STAGE1_MASSIVE_AUTO_20260423_035552/.checkpoints/after_immune_phenotyping.zarr/obs/.zgroup
drwxrwxr-x	4096	2026-04-23 04:18	/home/zerlinshen/singlecell_factory/results/NC2024_NSCLC_FULL_COHORT_STAGE1_MASSIVE_AUTO_20260423_035552/.checkpoints/after_immune_phenotyping.zarr/obs/pct_counts_mt
drwxrwxr-x	4096	2026-04-23 04:18	/home/zerlinshen/singlecell_factory/results/NC2024_NSCLC_FULL_COHORT_STAGE1_MASSIVE_AUTO_20260423_035552/.checkpoints/after_immune_phenotyping.zarr/obs/sex
drwxrwxr-x	4096	2026-04-23 04:18	/home/zerlinshen/singlecell_factory/results/NC2024_NSCLC_FULL_COHORT_STAGE1_MASSIVE_AUTO_20260423_035552/.checkpoints/after_immune_phenotyping.zarr/obs/batch
drwxrwxr-x	4096	2026-04-23 04:18	/home/zerlinshen/singlecell_factory/results/NC2024_NSCLC_FULL_COHORT_STAGE1_MASSIVE_AUTO_20260423_035552/.checkpoints/after_immune_phenotyping.zarr/obs/condition
drwxrwxr-x	4096	2026-04-23 04:18	/home/zerlinshen/singlecell_factory/results/NC2024_NSCLC_FULL_COHORT_STAGE1_MASSIVE_AUTO_20260423_035552/.checkpoints/after_immune_phenotyping.zarr/obs/pct_counts_ribo
drwxrwxr-x	4096	2026-04-23 04:18	/home/zerlinshen/singlecell_factory/results/NC2024_NSCLC_FULL_COHORT_STAGE1_MASSIVE_AUTO_20260423_035552/.checkpoints/after_immune_phenotyping.zarr/obs/doublet_score
-rw-rw-r--	22	2026-04-23 04:18	/home/zerlinshen/singlecell_factory/results/NC2024_NSCLC_FULL_COHORT_STAGE1_MASSIVE_AUTO_20260423_035552/.checkpoints/after_immune_phenotyping.zarr/.zgroup
-rw-rw-r--	4522	2026-04-23 04:05	/home/zerlinshen/singlecell_factory/results/NC2024_NSCLC_FULL_COHORT_STAGE1_MASSIVE_AUTO_20260423_035552/.checkpoints/after_doublet_detection.json
-rw-rw-r--	12422487228	2026-04-23 04:18	/home/zerlinshen/singlecell_factory/results/NC2024_NSCLC_FULL_COHORT_STAGE1_MASSIVE_AUTO_20260423_035552/.checkpoints/after_immune_phenotyping.h5ad
drwxrwxr-x	4096	2026-04-23 04:19	/home/zerlinshen/singlecell_factory/results/NC2024_NSCLC_FULL_COHORT_STAGE1_MASSIVE_AUTO_20260423_035552/.checkpoints/after_tumor_microenvironment.zarr
-rw-rw-r--	2	2026-04-23 04:19	/home/zerlinshen/singlecell_factory/results/NC2024_NSCLC_FULL_COHORT_STAGE1_MASSIVE_AUTO_20260423_035552/.checkpoints/after_tumor_microenvironment.zarr/.zattrs
drwxrwxr-x	4096	2026-04-23 04:19	/home/zerlinshen/singlecell_factory/results/NC2024_NSCLC_FULL_COHORT_STAGE1_MASSIVE_AUTO_20260423_035552/.checkpoints/after_tumor_microenvironment.zarr/X
-rw-rw-r--	106	2026-04-23 04:19	/home/zerlinshen/singlecell_factory/results/NC2024_NSCLC_FULL_COHORT_STAGE1_MASSIVE_AUTO_20260423_035552/.checkpoints/after_tumor_microenvironment.zarr/X/.zattrs
-rw-rw-r--	22	2026-04-23 04:19	/home/zerlinshen/singlecell_factory/results/NC2024_NSCLC_FULL_COHORT_STAGE1_MASSIVE_AUTO_20260423_035552/.checkpoints/after_tumor_microenvironment.zarr/X/.zgroup
drwxrwxr-x	36864	2026-04-23 04:19	/home/zerlinshen/singlecell_factory/results/NC2024_NSCLC_FULL_COHORT_STAGE1_MASSIVE_AUTO_20260423_035552/.checkpoints/after_tumor_microenvironment.zarr/X/indices
drwxrwxr-x	36864	2026-04-23 04:19	/home/zerlinshen/singlecell_factory/results/NC2024_NSCLC_FULL_COHORT_STAGE1_MASSIVE_AUTO_20260423_035552/.checkpoints/after_tumor_microenvironment.zarr/X/data
drwxrwxr-x	4096	2026-04-23 04:19	/home/zerlinshen/singlecell_factory/results/NC2024_NSCLC_FULL_COHORT_STAGE1_MASSIVE_AUTO_20260423_035552/.checkpoints/after_tumor_microenvironment.zarr/X/indptr
drwxrwxr-x	4096	2026-04-23 04:19	/home/zerlinshen/singlecell_factory/results/NC2024_NSCLC_FULL_COHORT_STAGE1_MASSIVE_AUTO_20260423_035552/.checkpoints/after_tumor_microenvironment.zarr/obs
drwxrwxr-x	4096	2026-04-23 04:19	/home/zerlinshen/singlecell_factory/results/NC2024_NSCLC_FULL_COHORT_STAGE1_MASSIVE_AUTO_20260423_035552/.checkpoints/after_tumor_microenvironment.zarr/obs/score_B cell
-rw-rw-r--	1343	2026-04-23 04:19	/home/zerlinshen/singlecell_factory/results/NC2024_NSCLC_FULL_COHORT_STAGE1_MASSIVE_AUTO_20260423_035552/.checkpoints/after_tumor_microenvironment.zarr/obs/.zattrs
drwxrwxr-x	4096	2026-04-23 04:19	/home/zerlinshen/singlecell_factory/results/NC2024_NSCLC_FULL_COHORT_STAGE1_MASSIVE_AUTO_20260423_035552/.checkpoints/after_tumor_microenvironment.zarr/obs/sampling_site
drwxrwxr-x	4096	2026-04-23 04:19	/home/zerlinshen/singlecell_factory/results/NC2024_NSCLC_FULL_COHORT_STAGE1_MASSIVE_AUTO_20260423_035552/.checkpoints/after_tumor_microenvironment.zarr/obs/predicted_doublet
drwxrwxr-x	4096	2026-04-23 04:19	/home/zerlinshen/singlecell_factory/results/NC2024_NSCLC_FULL_COHORT_STAGE1_MASSIVE_AUTO_20260423_035552/.checkpoints/after_tumor_microenvironment.zarr/obs/tumor_type
drwxrwxr-x	4096	2026-04-23 04:19	/home/zerlinshen/singlecell_factory/results/NC2024_NSCLC_FULL_COHORT_STAGE1_MASSIVE_AUTO_20260423_035552/.checkpoints/after_tumor_microenvironment.zarr/obs/original_source_name
drwxrwxr-x	4096	2026-04-23 04:19	/home/zerlinshen/singlecell_factory/results/NC2024_NSCLC_FULL_COHORT_STAGE1_MASSIVE_AUTO_20260423_035552/.checkpoints/after_tumor_microenvironment.zarr/obs/leiden
drwxrwxr-x	4096	2026-04-23 04:19	/home/zerlinshen/singlecell_factory/results/NC2024_NSCLC_FULL_COHORT_STAGE1_MASSIVE_AUTO_20260423_035552/.checkpoints/after_tumor_microenvironment.zarr/obs/source_file
drwxrwxr-x	4096	2026-04-23 04:19	/home/zerlinshen/singlecell_factory/results/NC2024_NSCLC_FULL_COHORT_STAGE1_MASSIVE_AUTO_20260423_035552/.checkpoints/after_tumor_microenvironment.zarr/obs/_index
drwxrwxr-x	4096	2026-04-23 04:19	/home/zerlinshen/singlecell_factory/results/NC2024_NSCLC_FULL_COHORT_STAGE1_MASSIVE_AUTO_20260423_035552/.checkpoints/after_tumor_microenvironment.zarr/obs/n_genes_by_counts
drwxrwxr-x	4096	2026-04-23 04:19	/home/zerlinshen/singlecell_factory/results/NC2024_NSCLC_FULL_COHORT_STAGE1_MASSIVE_AUTO_20260423_035552/.checkpoints/after_tumor_microenvironment.zarr/obs/donor
drwxrwxr-x	4096	2026-04-23 04:19	/home/zerlinshen/singlecell_factory/results/NC2024_NSCLC_FULL_COHORT_STAGE1_MASSIVE_AUTO_20260423_035552/.checkpoints/after_tumor_microenvironment.zarr/obs/patient
drwxrwxr-x	4096	2026-04-23 04:19	/home/zerlinshen/singlecell_factory/results/NC2024_NSCLC_FULL_COHORT_STAGE1_MASSIVE_AUTO_20260423_035552/.checkpoints/after_tumor_microenvironment.zarr/obs/score_NK cell
drwxrwxr-x	4096	2026-04-23 04:19	/home/zerlinshen/singlecell_factory/results/NC2024_NSCLC_FULL_COHORT_STAGE1_MASSIVE_AUTO_20260423_035552/.checkpoints/after_tumor_microenvironment.zarr/obs/total_counts
drwxrwxr-x	4096	2026-04-23 04:19	/home/zerlinshen/singlecell_factory/results/NC2024_NSCLC_FULL_COHORT_STAGE1_MASSIVE_AUTO_20260423_035552/.checkpoints/after_tumor_microenvironment.zarr/obs/batch_join
drwxrwxr-x	4096	2026-04-23 04:19	/home/zerlinshen/singlecell_factory/results/NC2024_NSCLC_FULL_COHORT_STAGE1_MASSIVE_AUTO_20260423_035552/.checkpoints/after_tumor_microenvironment.zarr/obs/score_Tumor epithelial
drwxrwxr-x	4096	2026-04-23 04:19	/home/zerlinshen/singlecell_factory/results/NC2024_NSCLC_FULL_COHORT_STAGE1_MASSIVE_AUTO_20260423_035552/.checkpoints/after_tumor_microenvironment.zarr/obs/score_T cell
drwxrwxr-x	4096	2026-04-23 04:19	/home/zerlinshen/singlecell_factory/results/NC2024_NSCLC_FULL_COHORT_STAGE1_MASSIVE_AUTO_20260423_035552/.checkpoints/after_tumor_microenvironment.zarr/obs/pct_counts_hb
drwxrwxr-x	4096	2026-04-23 04:19	/home/zerlinshen/singlecell_factory/results/NC2024_NSCLC_FULL_COHORT_STAGE1_MASSIVE_AUTO_20260423_035552/.checkpoints/after_tumor_microenvironment.zarr/obs/sorting
drwxrwxr-x	4096	2026-04-23 04:19	/home/zerlinshen/singlecell_factory/results/NC2024_NSCLC_FULL_COHORT_STAGE1_MASSIVE_AUTO_20260423_035552/.checkpoints/after_tumor_microenvironment.zarr/obs/sample
drwxrwxr-x	4096	2026-04-23 04:19	/home/zerlinshen/singlecell_factory/results/NC2024_NSCLC_FULL_COHORT_STAGE1_MASSIVE_AUTO_20260423_035552/.checkpoints/after_tumor_microenvironment.zarr/obs/sample_id
drwxrwxr-x	4096	2026-04-23 04:19	/home/zerlinshen/singlecell_factory/results/NC2024_NSCLC_FULL_COHORT_STAGE1_MASSIVE_AUTO_20260423_035552/.checkpoints/after_tumor_microenvironment.zarr/obs/disease
-rw-rw-r--	22	2026-04-23 04:19	/home/zerlinshen/singlecell_factory/results/NC2024_NSCLC_FULL_COHORT_STAGE1_MASSIVE_AUTO_20260423_035552/.checkpoints/after_tumor_microenvironment.zarr/obs/.zgroup
drwxrwxr-x	4096	2026-04-23 04:19	/home/zerlinshen/singlecell_factory/results/NC2024_NSCLC_FULL_COHORT_STAGE1_MASSIVE_AUTO_20260423_035552/.checkpoints/after_tumor_microenvironment.zarr/obs/pct_counts_mt
drwxrwxr-x	4096	2026-04-23 04:19	/home/zerlinshen/singlecell_factory/results/NC2024_NSCLC_FULL_COHORT_STAGE1_MASSIVE_AUTO_20260423_035552/.checkpoints/after_tumor_microenvironment.zarr/obs/sex
drwxrwxr-x	4096	2026-04-23 04:19	/home/zerlinshen/singlecell_factory/results/NC2024_NSCLC_FULL_COHORT_STAGE1_MASSIVE_AUTO_20260423_035552/.checkpoints/after_tumor_microenvironment.zarr/obs/batch
drwxrwxr-x	4096	2026-04-23 04:19	/home/zerlinshen/singlecell_factory/results/NC2024_NSCLC_FULL_COHORT_STAGE1_MASSIVE_AUTO_20260423_035552/.checkpoints/after_tumor_microenvironment.zarr/obs/condition
drwxrwxr-x	4096	2026-04-23 04:19	/home/zerlinshen/singlecell_factory/results/NC2024_NSCLC_FULL_COHORT_STAGE1_MASSIVE_AUTO_20260423_035552/.checkpoints/after_tumor_microenvironment.zarr/obs/pct_counts_ribo
drwxrwxr-x	4096	2026-04-23 04:19	/home/zerlinshen/singlecell_factory/results/NC2024_NSCLC_FULL_COHORT_STAGE1_MASSIVE_AUTO_20260423_035552/.checkpoints/after_tumor_microenvironment.zarr/obs/doublet_score
-rw-rw-r--	22	2026-04-23 04:19	/home/zerlinshen/singlecell_factory/results/NC2024_NSCLC_FULL_COHORT_STAGE1_MASSIVE_AUTO_20260423_035552/.checkpoints/after_tumor_microenvironment.zarr/.zgroup
drwxrwxr-x	4096	2026-04-23 04:14	/home/zerlinshen/singlecell_factory/results/NC2024_NSCLC_FULL_COHORT_STAGE1_MASSIVE_AUTO_20260423_035552/clustering
-rw-rw-r--	639742	2026-04-23 04:14	/home/zerlinshen/singlecell_factory/results/NC2024_NSCLC_FULL_COHORT_STAGE1_MASSIVE_AUTO_20260423_035552/clustering/umap_leiden.png
drwxrwxr-x	4096	2026-04-23 04:05	/home/zerlinshen/singlecell_factory/results/NC2024_NSCLC_FULL_COHORT_STAGE1_MASSIVE_AUTO_20260423_035552/doublet_detection
-rw-rw-r--	38849	2026-04-23 04:05	/home/zerlinshen/singlecell_factory/results/NC2024_NSCLC_FULL_COHORT_STAGE1_MASSIVE_AUTO_20260423_035552/doublet_detection/doublet_scores.png
drwxrwxr-x	4096	2026-04-23 04:18	/home/zerlinshen/singlecell_factory/results/NC2024_NSCLC_FULL_COHORT_STAGE1_MASSIVE_AUTO_20260423_035552/immune_phenotyping
-rw-rw-r--	498937	2026-04-23 04:18	/home/zerlinshen/singlecell_factory/results/NC2024_NSCLC_FULL_COHORT_STAGE1_MASSIVE_AUTO_20260423_035552/immune_phenotyping/immune_cytotoxicity_umap.png
-rw-rw-r--	323735231	2026-04-23 04:17	/home/zerlinshen/singlecell_factory/results/NC2024_NSCLC_FULL_COHORT_STAGE1_MASSIVE_AUTO_20260423_035552/immune_phenotyping/immune_phenotyping.csv
-rw-rw-r--	58335	2026-04-23 04:18	/home/zerlinshen/singlecell_factory/results/NC2024_NSCLC_FULL_COHORT_STAGE1_MASSIVE_AUTO_20260423_035552/immune_phenotyping/immune_subtype_composition.png
-rw-rw-r--	63648	2026-04-23 04:18	/home/zerlinshen/singlecell_factory/results/NC2024_NSCLC_FULL_COHORT_STAGE1_MASSIVE_AUTO_20260423_035552/immune_phenotyping/immune_signature_heatmap.png
-rw-rw-r--	4546	2026-04-23 04:17	/home/zerlinshen/singlecell_factory/results/NC2024_NSCLC_FULL_COHORT_STAGE1_MASSIVE_AUTO_20260423_035552/immune_phenotyping/immune_subtype_summary.csv
-rw-rw-r--	736047	2026-04-23 04:18	/home/zerlinshen/singlecell_factory/results/NC2024_NSCLC_FULL_COHORT_STAGE1_MASSIVE_AUTO_20260423_035552/immune_phenotyping/umap_immune_subtype.png
-rw-rw-r--	483065	2026-04-23 04:18	/home/zerlinshen/singlecell_factory/results/NC2024_NSCLC_FULL_COHORT_STAGE1_MASSIVE_AUTO_20260423_035552/immune_phenotyping/immune_exhaustion_umap.png
-rw-rw-r--	12464621348	2026-04-23 04:19	/home/zerlinshen/singlecell_factory/results/NC2024_NSCLC_FULL_COHORT_STAGE1_MASSIVE_AUTO_20260423_035552/final_adata.h5ad
drwxrwxr-x	4096	2026-04-23 04:16	/home/zerlinshen/singlecell_factory/results/NC2024_NSCLC_FULL_COHORT_STAGE1_MASSIVE_AUTO_20260423_035552/annotation
-rw-rw-r--	662403	2026-04-23 04:16	/home/zerlinshen/singlecell_factory/results/NC2024_NSCLC_FULL_COHORT_STAGE1_MASSIVE_AUTO_20260423_035552/annotation/umap_annotation_confidence.png
-rw-rw-r--	219353692	2026-04-23 04:15	/home/zerlinshen/singlecell_factory/results/NC2024_NSCLC_FULL_COHORT_STAGE1_MASSIVE_AUTO_20260423_035552/annotation/cell_type_annotation.csv
-rw-rw-r--	662297	2026-04-23 04:15	/home/zerlinshen/singlecell_factory/results/NC2024_NSCLC_FULL_COHORT_STAGE1_MASSIVE_AUTO_20260423_035552/annotation/umap_cell_type.png
-rw-rw-r--	49766	2026-04-23 04:16	/home/zerlinshen/singlecell_factory/results/NC2024_NSCLC_FULL_COHORT_STAGE1_MASSIVE_AUTO_20260423_035552/annotation/cell_type_composition.png
-rw-rw-r--	298	2026-04-23 04:15	/home/zerlinshen/singlecell_factory/results/NC2024_NSCLC_FULL_COHORT_STAGE1_MASSIVE_AUTO_20260423_035552/annotation/cluster_majority_cell_type.csv
drwxrwxr-x	4096	2026-04-23 03:55	/home/zerlinshen/singlecell_factory/results/NC2024_NSCLC_FULL_COHORT_STAGE1_MASSIVE_AUTO_20260423_035552/cellranger
drwxrwxr-x	4096	2026-04-23 04:19	/home/zerlinshen/singlecell_factory/results/NC2024_NSCLC_FULL_COHORT_STAGE1_MASSIVE_AUTO_20260423_035552/tumor_microenvironment
-rw-rw-r--	40485	2026-04-23 04:19	/home/zerlinshen/singlecell_factory/results/NC2024_NSCLC_FULL_COHORT_STAGE1_MASSIVE_AUTO_20260423_035552/tumor_microenvironment/tme_immune_stromal_bar.png
-rw-rw-r--	2671	2026-04-23 04:19	/home/zerlinshen/singlecell_factory/results/NC2024_NSCLC_FULL_COHORT_STAGE1_MASSIVE_AUTO_20260423_035552/tumor_microenvironment/tme_scores_per_cluster.csv
-rw-rw-r--	542152	2026-04-23 04:19	/home/zerlinshen/singlecell_factory/results/NC2024_NSCLC_FULL_COHORT_STAGE1_MASSIVE_AUTO_20260423_035552/tumor_microenvironment/tme_tis_umap.png
-rw-rw-r--	66131	2026-04-23 04:19	/home/zerlinshen/singlecell_factory/results/NC2024_NSCLC_FULL_COHORT_STAGE1_MASSIVE_AUTO_20260423_035552/tumor_microenvironment/tme_signature_heatmap.png
-rw-rw-r--	394025	2026-04-23 04:19	/home/zerlinshen/singlecell_factory/results/NC2024_NSCLC_FULL_COHORT_STAGE1_MASSIVE_AUTO_20260423_035552/tumor_microenvironment/tme_cyt_umap.png
-rw-rw-r--	86607	2026-04-23 04:19	/home/zerlinshen/singlecell_factory/results/NC2024_NSCLC_FULL_COHORT_STAGE1_MASSIVE_AUTO_20260423_035552/tumor_microenvironment/checkpoint_dotplot.png
-rw-rw-r--	1722	2026-04-23 04:19	/home/zerlinshen/singlecell_factory/results/NC2024_NSCLC_FULL_COHORT_STAGE1_MASSIVE_AUTO_20260423_035552/tumor_microenvironment/checkpoint_expression.csv
-rw-rw-r--	121869158	2026-04-23 04:19	/home/zerlinshen/singlecell_factory/results/NC2024_NSCLC_FULL_COHORT_STAGE1_MASSIVE_AUTO_20260423_035552/tumor_microenvironment/tme_scores_per_cell.csv
